iter	Logloss
0	0.591510348
1	0.4970011383
2	0.4236349791
3	0.384418305
4	0.340536285
5	0.3176215241
6	0.2880011101
7	0.265589619
8	0.2549123073
9	0.2474664112
10	0.235188861
11	0.228293277
12	0.2241355948
13	0.2189913038
14	0.2141794187
15	0.210636928
16	0.2056274127
17	0.2013791478
18	0.199390156
19	0.1958350159
20	0.1933032256
21	0.1914635259
22	0.1892117435
23	0.1875747092
24	0.1854959833
25	0.1839323913
26	0.1827804194
27	0.1811246253
28	0.1801105057
29	0.1782487812
