iter	Logloss
0	0.5843399012
1	0.4973168948
2	0.4448546723
3	0.3851342756
4	0.3563288813
5	0.3330589674
6	0.2974046025
7	0.275880855
8	0.254380538
9	0.2459828709
10	0.2359240005
11	0.2318740364
12	0.2282749301
13	0.2239790286
14	0.2205427437
15	0.2158992896
16	0.2116775989
17	0.2087111025
18	0.2056989488
19	0.2031156313
20	0.2018583649
21	0.2002625193
22	0.1970574187
23	0.195651627
24	0.1947142987
25	0.1934188693
26	0.1921647552
27	0.1912011111
28	0.1898709533
29	0.1881438517
