iter	Logloss
0	0.6128990154
1	0.5251164594
2	0.4621177964
3	0.4269684812
4	0.387002502
5	0.356761727
6	0.3349524288
7	0.3167249164
8	0.3082775343
9	0.2962825936
10	0.28649419
11	0.2807466845
12	0.2741442054
13	0.269273833
14	0.2666401522
15	0.2636640029
16	0.2602390421
17	0.2579830661
18	0.2551437247
19	0.2520787346
20	0.2500366507
21	0.2482382632
22	0.2462937079
23	0.2456901199
24	0.2442831154
25	0.2433522116
26	0.2421729729
27	0.2404950539
28	0.2392574624
29	0.2378115415
