iter	Logloss
0	0.6287237687
1	0.5810332859
2	0.5418227122
3	0.5046799361
4	0.4731639425
5	0.4560684276
6	0.4365297145
7	0.4248256335
8	0.4148664209
9	0.3982277199
10	0.3838707965
11	0.3797518499
12	0.3651993221
13	0.3624916466
14	0.3539131618
15	0.342394609
16	0.3332793311
17	0.3244994586
18	0.3151559168
19	0.3068229081
20	0.2966779881
21	0.2925860494
22	0.287240125
23	0.2870701351
24	0.2802183807
25	0.2717472438
26	0.2707572162
27	0.2646572857
28	0.2591966184
29	0.2560432554
